recipe_id,dish_name,retrieval_text
recipe_0001,番茄炒蛋盖饭,"菜名：番茄炒蛋盖饭
别名：西红柿炒鸡蛋盖饭
地区风格：家常
类型：主食
难度：简单
适合人数：2
耗时：20分钟
主食材：番茄，鸡蛋，米饭
食材：米饭，鸡蛋，番茄，小葱
调味：盐，糖，生抽，油
口味：酸甜，咸香
简介：经典家常盖饭，酸甜开胃，简单快手，适合搭配米饭。
步骤：番茄洗净切块，鸡蛋打散加少许盐，小葱切葱花。 热锅倒油，倒入蛋液炒熟盛出。 锅中再倒油，下番茄块翻炒出汁，加糖和生抽调味。 倒入炒好的鸡蛋，翻炒均匀，撒葱花出锅。 将番茄炒蛋盖在米饭上即可。
关键词：番茄炒蛋，西红柿炒鸡蛋，盖饭，快手菜，家常菜
"
recipe_0002,紫菜蛋花汤,"菜名：紫菜蛋花汤
别名：紫菜汤
地区风格：家常
类型：汤
难度：简单
适合人数：4
耗时：15分钟
主食材：紫菜，鸡蛋
食材：紫菜，鸡蛋，小葱
调味：盐，香油，鸡精
口味：清淡，鲜
简介：简单快捷的汤品，清淡鲜美，适合搭配主食。
步骤：紫菜撕小块，鸡蛋打散，小葱切葱花。 锅中烧水，水开后放入紫菜煮1分钟。 转小火，慢慢倒入蛋液形成蛋花。 加盐和鸡精调味，关火淋香油，撒葱花。
关键词：紫菜蛋花汤，快手汤，清淡汤，家常汤
"
recipe_0003,剩菜炒饭,"菜名：剩菜炒饭
别名：杂炒饭
地区风格：家常
类型：主食
难度：简单
适合人数：2
耗时：15分钟
主食材：剩米饭，剩菜
食材：剩米饭，剩菜（如炒肉、蔬菜），鸡蛋，小葱
调味：盐，生抽，油
口味：咸香，葱香
简介：利用冰箱剩菜快速制作的炒饭，经济实惠，味道丰富。
步骤：剩菜切小块，鸡蛋打散，小葱切葱花。 热锅倒油，炒熟鸡蛋盛出。 锅中再倒油，下剩菜翻炒，加入米饭炒散。 加生抽和盐调味，倒入鸡蛋翻炒均匀，撒葱花出锅。
关键词：剩菜炒饭，杂炒饭，冰箱剩菜，快手主食，家常炒饭
"
recipe_0004,蒜香牛肉片,"菜名：蒜香牛肉片
别名：蒜蓉牛肉
地区风格：家常
类型：热菜
难度：中等
适合人数：3
耗时：25分钟
主食材：牛肉，大蒜
食材：牛肉片，大蒜，青椒
调味：生抽，料酒，淀粉，盐，油
口味：蒜香，咸香
简介：蒜香浓郁的牛肉小炒，肉质嫩滑，适合下饭。
步骤：牛肉片用生抽、料酒、淀粉腌制10分钟，大蒜切末，青椒切丝。 热锅倒油，下蒜末爆香。 加入牛肉片快速翻炒至变色。 放入青椒丝，加盐调味，翻炒均匀出锅。
关键词：蒜香牛肉，牛肉片，蒜蓉牛肉，家常牛肉菜，下饭菜
"
recipe_0005,凉拌黄瓜,"菜名：凉拌黄瓜
别名：拍黄瓜
地区风格：家常
类型：凉菜
难度：简单
适合人数：4
耗时：10分钟
主食材：黄瓜，大蒜
食材：黄瓜，大蒜，小米辣
调味：生抽，醋，糖，香油，盐
口味：蒜香，酸辣，清淡
简介：清爽开胃的凉拌菜，简单易做，适合夏季或搭配油腻菜肴。
步骤：黄瓜洗净拍扁切段，大蒜切末，小米辣切圈。 将黄瓜放入碗中，加蒜末、小米辣和所有调味料。 拌匀后静置2分钟入味即可。
关键词：凉拌黄瓜，拍黄瓜，凉菜，快手凉菜，家常凉拌
"
recipe_0006,麻婆豆腐,"菜名：麻婆豆腐
别名：麻婆豆腐
地区风格：川菜家常
类型：热菜
难度：简单
适合人数：3
耗时：20分钟
主食材：豆腐，猪肉末，郫县豆瓣酱
食材：嫩豆腐，猪肉末，蒜末，姜末，葱花
调味：郫县豆瓣酱，生抽，料酒，花椒粉，水淀粉，盐，食用油
口味：咸香，香辣
简介：经典川菜，麻辣鲜香，豆腐嫩滑，非常下饭。
步骤：豆腐切小块，焯水1分钟捞出沥干。 热锅倒油，下肉末炒至变色，加姜蒜末炒香。 加入豆瓣酱炒出红油，倒入豆腐轻轻翻炒。 加生抽、料酒、少许水，煮3分钟。 用水淀粉勾芡，撒花椒粉和葱花出锅。
关键词：麻婆豆腐，豆腐菜，川菜，下饭菜，麻辣，家常豆腐
"
recipe_0007,西红柿炒鸡蛋,"菜名：西红柿炒鸡蛋
别名：番茄炒蛋
地区风格：家常
类型：热菜
难度：简单
适合人数：2
耗时：15分钟
主食材：鸡蛋，西红柿
食材：鸡蛋，西红柿，葱花
调味：盐，糖，食用油
口味：酸甜，鲜
简介：家常快手菜，酸甜开胃，营养丰富，适合冰箱常备食材。
步骤：鸡蛋打散，加少许盐；西红柿切块。 热锅倒油，倒入蛋液炒熟盛出。 锅中再倒油，下西红柿炒软出汁。 加入炒好的鸡蛋，加盐和糖翻炒均匀。 撒葱花出锅。
关键词：西红柿炒鸡蛋，番茄炒蛋，快手菜，家常菜，剩菜友好，鸡蛋菜
"
recipe_0008,鱼香茄子,"菜名：鱼香茄子
别名：鱼香茄子
地区风格：川菜家常
类型：热菜
难度：中等
适合人数：3
耗时：25分钟
主食材：茄子，猪肉末，郫县豆瓣酱
食材：茄子，猪肉末，蒜末，姜末，葱花
调味：郫县豆瓣酱，生抽，醋，糖，水淀粉，食用油
口味：咸香，酸甜
简介：川味茄子菜，鱼香味浓，茄子软糯入味，超级下饭。
步骤：茄子切条，用盐腌10分钟挤干水分。 热锅倒油，下茄子炒软盛出。 锅中再倒油，下肉末炒变色，加姜蒜末和豆瓣酱炒香。 倒入茄子，加生抽、糖、醋翻炒均匀。 用水淀粉勾芡，撒葱花出锅。
关键词：鱼香茄子，茄子菜，川菜，下饭菜，家常茄子，鱼香味
"
recipe_0009,清炒西兰花,"菜名：清炒西兰花
别名：蒜蓉西兰花
地区风格：家常
类型：热菜
难度：简单
适合人数：2
耗时：15分钟
主食材：西兰花，蒜
食材：西兰花，蒜末
调味：盐，食用油
口味：清淡，鲜
简介：简单健康的绿叶菜，蒜香浓郁，口感清脆，适合搭配荤菜。
步骤：西兰花掰成小朵，焯水2分钟捞出沥干。 热锅倒油，下蒜末炒香。 倒入西兰花快速翻炒。 加盐调味，炒匀出锅。
关键词：清炒西兰花，蒜蓉西兰花，绿叶菜，快手菜，清淡菜，家常蔬菜
"
recipe_0010,红烧带鱼,"菜名：红烧带鱼
别名：红烧带鱼
地区风格：江浙家常
类型：热菜
难度：中等
适合人数：3
耗时：30分钟
主食材：带鱼
食材：带鱼，姜片，葱段
调味：生抽，老抽，料酒，糖，盐，食用油
口味：酱香，鲜
简介：江浙家常鱼菜，带鱼红烧后酱香浓郁，肉质鲜嫩，很受欢迎。
步骤：带鱼处理干净切段，用料酒和姜片腌10分钟。 热锅倒油，下带鱼煎至两面金黄。 加入生抽、老抽、糖、少许水，烧开转小火炖10分钟。 加盐调味，大火收汁，撒葱段出锅。
关键词：红烧带鱼，带鱼菜，鱼虾类，家常鱼，红烧菜，江浙菜
"
recipe_0011,凉拌黄瓜,"菜名：凉拌黄瓜
别名：拍黄瓜，凉拌青瓜
地区风格：家常
类型：凉菜
难度：简单
适合人数：2
耗时：10分钟
主食材：黄瓜
食材：黄瓜，大蒜，香菜
调味：盐，生抽，香醋，白糖，香油，辣椒油
口味：咸香，微辣，酸
简介：简单快手的凉拌菜，清爽开胃，适合夏天或作为配菜。
步骤：黄瓜洗净，用刀拍裂后切小块。 大蒜切末，香菜切段。 将黄瓜、蒜末、香菜放入碗中，加入所有调味料拌匀。 静置2分钟入味后即可食用。
关键词：凉拌黄瓜，拍黄瓜，凉拌青瓜，凉菜，快手菜，家常凉菜，黄瓜凉拌，开胃菜
"
recipe_0012,青椒肉丝,"菜名：青椒肉丝
别名：青椒炒肉丝
地区风格：川菜家常
类型：小炒
难度：中等
适合人数：3
耗时：20分钟
主食材：猪里脊肉，青椒
食材：猪里脊肉，青椒，红椒，生姜，大蒜
调味：生抽，老抽，料酒，淀粉，盐，糖，食用油
口味：咸香，微辣
简介：经典川式小炒，肉丝嫩滑，青椒爽脆，咸香微辣，非常下饭。
步骤：猪里脊肉切丝，用料酒、生抽、淀粉抓匀腌制10分钟。 青椒、红椒去籽切丝，生姜、大蒜切末。 热锅冷油，下肉丝滑炒至变色后盛出。 锅中留底油，爆香姜蒜末，加入青红椒丝翻炒至断生。 倒入肉丝，加老抽、盐、糖快速翻炒均匀即可出锅。
关键词：青椒肉丝，青椒炒肉丝，猪肉小炒，川菜小炒，家常小炒，肉丝炒青椒，下饭菜，快手菜
"
recipe_0013,酸辣土豆丝,"菜名：酸辣土豆丝
别名：醋溜土豆丝
地区风格：北方家常
类型：小炒
难度：简单
适合人数：3
耗时：15分钟
主食材：土豆
食材：土豆，青椒，干辣椒，大蒜
调味：醋，生抽，盐，糖，食用油
口味：酸，微辣，咸香
简介：北方家常快手菜，土豆丝酸辣开胃，口感脆爽，适合配米饭。
步骤：土豆去皮切细丝，用清水浸泡去除淀粉，沥干备用。 青椒切丝，干辣椒切段，大蒜切片。 热锅冷油，爆香干辣椒和大蒜片。 加入土豆丝和青椒丝快速翻炒至断生。 调入醋、生抽、盐、糖，翻炒均匀即可出锅。
关键词：酸辣土豆丝，醋溜土豆丝，土豆菜，家常土豆丝，快手菜，下饭菜，土豆小炒，酸辣菜
"
recipe_0014,清炒西兰花,"菜名：清炒西兰花
别名：蒜蓉西兰花
地区风格：家常
类型：小炒
难度：简单
适合人数：2
耗时：15分钟
主食材：西兰花
食材：西兰花，大蒜，胡萝卜
调味：盐，食用油，鸡精
口味：清淡，鲜
简介：简单健康的清淡家常菜，西兰花脆嫩，蒜香提味，适合搭配荤菜。
步骤：西兰花掰成小朵，用盐水浸泡后洗净；胡萝卜切片，大蒜切末。 锅中烧水，水开后放入西兰花和胡萝卜焯烫1分钟，捞出沥干。 热锅冷油，爆香蒜末。 加入西兰花和胡萝卜快速翻炒，加盐和鸡精调味即可出锅。
关键词：清炒西兰花，蒜蓉西兰花，清淡菜，家常素菜，快手菜，西兰花炒菜，健康菜，素食
"
recipe_0015,番茄炒蛋,"菜名：番茄炒蛋
别名：西红柿炒鸡蛋
地区风格：家常
类型：小炒
难度：简单
适合人数：2
耗时：15分钟
主食材：番茄，鸡蛋
食材：番茄，鸡蛋，小葱
调味：盐，糖，食用油
口味：酸甜，鲜
简介：国民家常菜，番茄酸甜多汁，鸡蛋嫩滑，简单快手，营养美味。
步骤：番茄洗净切块，鸡蛋打散加少许盐，小葱切葱花。 热锅冷油，倒入蛋液炒至凝固后盛出。 锅中留底油，放入番茄块翻炒至出汁。 加入炒好的鸡蛋，加盐和糖调味，翻炒均匀后撒葱花出锅。
关键词：番茄炒蛋，西红柿炒鸡蛋，家常菜，快手菜，下饭菜，番茄鸡蛋菜，简单菜，儿童菜
"
recipe_0016,麻婆豆腐,"菜名：麻婆豆腐
别名：麻辣豆腐
地区风格：川菜
类型：热菜
难度：中等
适合人数：4
耗时：25分钟
主食材：嫩豆腐，猪肉末，郫县豆瓣酱
食材：嫩豆腐，猪肉末，蒜苗
调味：郫县豆瓣酱，花椒粉，生抽，料酒，盐，糖，淀粉，食用油
口味：香辣，麻
简介：川菜经典，豆腐麻辣鲜香，肉末增味，是家常下饭神器。
步骤：豆腐切小块，焯水1分钟去除豆腥味后捞出沥干。 猪肉末加料酒拌匀；蒜苗切小段。 热锅热油，下肉末炒散至变色，加入郫县豆瓣酱炒出红油。 倒入豆腐块，轻轻翻炒，加生抽、盐、糖和少量水煮3分钟。 淀粉加水调匀，勾芡收汁，撒花椒粉和蒜苗翻炒均匀即可。
关键词：麻婆豆腐，麻辣豆腐，川菜，下饭菜，豆腐菜，辣菜
"
recipe_0017,蚝油杏鲍菇,"菜名：蚝油杏鲍菇
别名：杏鲍菇炒蚝油
地区风格：粤式家常
类型：热菜
难度：简单
适合人数：2
耗时：15分钟
主食材：杏鲍菇，蚝油
食材：杏鲍菇，青椒，大蒜
调味：蚝油，生抽，盐，糖，食用油
口味：鲜，酱香
简介：简单快手的菌菇菜，蚝油提鲜，杏鲍菇口感滑嫩，适合清冰箱。
步骤：杏鲍菇切片，青椒切块，大蒜切片。 热锅热油，爆香蒜片，下杏鲍菇片翻炒至变软出水。 加入青椒块，翻炒均匀。 调入蚝油、生抽、盐、糖，快速翻炒入味即可出锅。
关键词：蚝油杏鲍菇，杏鲍菇做法，菌菇菜，快手菜，冰箱剩菜，粤式家常
"
recipe_0018,葱花鸡蛋饼,"菜名：葱花鸡蛋饼
别名：葱油饼，鸡蛋葱饼
地区风格：北方家常
类型：早餐
难度：简单
适合人数：2
耗时：15分钟
主食材：鸡蛋，面粉，小葱
食材：鸡蛋，面粉，小葱，水
调味：盐，食用油
口味：咸香，葱香
简介：简单快手的早餐饼，葱香浓郁，营养丰富，适合搭配粥或豆浆。
步骤：小葱切碎，鸡蛋打散，面粉加水调成稀面糊。 面糊中加入鸡蛋液、葱花、盐，搅拌均匀。 平底锅烧热，刷一层油，倒入面糊摊平。 中小火煎至两面金黄，出锅切块。
关键词：早餐饼，葱花饼，鸡蛋饼，葱油饼，快手早餐，家常饼
"
recipe_0019,蒜蓉蒸南瓜,"菜名：蒜蓉蒸南瓜
别名：蒸南瓜，蒜香南瓜
地区风格：粤式家常
类型：蒸菜
难度：简单
适合人数：3
耗时：20分钟
主食材：南瓜，大蒜
食材：南瓜，大蒜
调味：盐，生抽，食用油
口味：蒜香，清淡，鲜
简介：粤式家常蒸菜，蒜香浓郁，南瓜软糯，健康少油，适合家庭日常。
步骤：南瓜去皮去瓤，切厚片摆盘。 大蒜切末，与盐、生抽、油混合成蒜蓉酱。 将蒜蓉酱均匀淋在南瓜上。 蒸锅水开后，放入南瓜蒸10-15分钟至软糯。
关键词：蒸南瓜，蒜蓉南瓜，蒜香南瓜，家常蒸菜，清淡菜，南瓜做法
"
recipe_0020,蚝油香菇炒青菜,"菜名：蚝油香菇炒青菜
别名：香菇炒青菜，蚝油青菜
地区风格：家常
类型：热菜
难度：简单
适合人数：3
耗时：10分钟
主食材：香菇，小青菜
食材：香菇，小青菜
调味：蚝油，盐，蒜末，食用油
口味：鲜，清淡
简介：简单健康的菌菇类家常菜，蚝油提鲜，青菜爽口，适合日常搭配。
步骤：香菇切片，小青菜洗净切段。 热锅倒油，爆香蒜末，下香菇片翻炒至软。 加入小青菜，快速翻炒至变软。 加蚝油、盐，翻炒均匀出锅。
关键词：香菇炒青菜，蚝油香菇，菌菇菜，家常素菜，快手菜，青菜做法
"
recipe_0021,蒜蓉西兰花,"菜名：蒜蓉西兰花
别名：清炒西兰花
地区风格：家常
类型：热菜
难度：简单
适合人数：3
耗时：15分钟
主食材：西兰花
食材：西兰花，大蒜，胡萝卜
调味：盐，食用油，鸡精
口味：清淡，咸香
简介：一道简单清爽的家常素菜，适合快速烹饪，营养健康。
步骤：西兰花掰成小朵，胡萝卜切片，大蒜切末。 锅中烧水，水开后放入西兰花和胡萝卜焯烫1分钟，捞出沥干。 热锅冷油，下蒜末爆香。 放入西兰花和胡萝卜翻炒，加盐和鸡精调味，炒匀即可出锅。
关键词：西兰花做法，清炒西兰花，蒜蓉西兰花，家常素菜，快手菜，清淡菜
"
recipe_0022,番茄鸡蛋汤,"菜名：番茄鸡蛋汤
别名：西红柿蛋汤
地区风格：家常
类型：汤
难度：简单
适合人数：4
耗时：20分钟
主食材：番茄，鸡蛋
食材：番茄，鸡蛋，小葱
调味：盐，食用油，香油
口味：鲜，清淡，微酸
简介：经典家常汤品，酸甜开胃，制作简单，适合日常佐餐。
步骤：番茄切小块，鸡蛋打散，小葱切葱花。 锅中放油烧热，下番茄块翻炒至出汁。 加入适量清水烧开，煮约5分钟。 缓缓倒入蛋液，用筷子轻轻搅动形成蛋花。 加盐调味，撒葱花，淋香油即可。
关键词：番茄鸡蛋汤，西红柿蛋汤，家常汤，快手汤，清淡汤，蛋花汤
"
recipe_0023,青椒肉丝,"菜名：青椒肉丝
别名：辣椒炒肉丝
地区风格：家常
类型：热菜
难度：中等
适合人数：3
耗时：25分钟
主食材：猪肉，青椒
食材：猪里脊肉，青椒，生姜，大蒜
调味：生抽，料酒，盐，淀粉，食用油
口味：咸香，微辣
简介：经典猪肉小炒，咸香微辣，肉丝嫩滑，非常下饭。
步骤：猪肉切丝，加生抽、料酒、淀粉抓匀腌制10分钟。 青椒去籽切丝，姜蒜切末。 热锅冷油，下肉丝滑炒至变色，盛出备用。 锅中留底油，爆香姜蒜，下青椒丝翻炒至断生。 加入肉丝，加盐调味，快速翻炒均匀即可出锅。
关键词：青椒肉丝，猪肉小炒，家常小炒，下饭菜，快手菜，肉丝做法
"
recipe_0024,蚝油杏鲍菇,"菜名：蚝油杏鲍菇
别名：炒杏鲍菇
地区风格：家常
类型：热菜
难度：简单
适合人数：3
耗时：20分钟
主食材：杏鲍菇
食材：杏鲍菇，青椒，大蒜
调味：蚝油，生抽，盐，食用油
口味：咸香，鲜
简介：菌菇类家常菜，蚝油提鲜，杏鲍菇口感滑嫩，简单易做。
步骤：杏鲍菇切片，青椒切块，大蒜切末。 热锅冷油，下蒜末爆香。 放入杏鲍菇片翻炒至变软出水。 加入青椒块，加蚝油、生抽和盐调味，翻炒均匀即可。
关键词：蚝油杏鲍菇，杏鲍菇做法，菌菇菜，家常素菜，快手菜，蚝油菜
"
recipe_0025,麻婆豆腐,"菜名：麻婆豆腐
别名：麻辣豆腐
地区风格：川菜家常
类型：热菜
难度：中等
适合人数：4
耗时：30分钟
主食材：豆腐，牛肉
食材：嫩豆腐，牛肉末，小葱，大蒜，生姜
调味：郫县豆瓣酱，花椒粉，生抽，盐，淀粉，食用油
口味：香辣，咸香
简介：经典川湘下饭菜，豆腐嫩滑，麻辣鲜香，非常开胃。
步骤：豆腐切小块，葱姜蒜切末，牛肉末备用。 锅中烧水，加少许盐，放入豆腐焯烫1分钟，捞出沥干。 热锅冷油，下牛肉末炒散至变色，盛出备用。 锅中留底油，下葱姜蒜末和豆瓣酱炒香出红油。 加入适量清水烧开，放入豆腐和牛肉末，加生抽和盐调味，煮约5分钟。 用水淀粉勾芡，撒花椒粉和葱花即可出锅。
关键词：麻婆豆腐，川菜家常，下饭菜，麻辣豆腐，牛肉菜，豆腐做法
"
recipe_0026,清蒸鲈鱼,"菜名：清蒸鲈鱼
别名：蒸鲈鱼
地区风格：家常
类型：蒸菜
难度：简单
适合人数：3
耗时：25分钟
主食材：鲈鱼
食材：鲈鱼，姜，葱，红椒
调味：料酒，蒸鱼豉油，盐，食用油
口味：鲜，清淡
简介：一道简单健康的蒸菜，鱼肉鲜嫩，适合家庭日常。
步骤：鲈鱼处理干净，两面划几刀，用盐和料酒抹匀腌制10分钟。 姜切丝，葱切段，红椒切丝，铺在鱼身上。 蒸锅水烧开，放入鱼盘，大火蒸8-10分钟至熟。 取出后倒掉盘中水，淋上蒸鱼豉油，烧热油浇在鱼上即可。
关键词：清蒸鲈鱼，蒸鱼，家常蒸菜，鱼料理，健康菜
"
recipe_0027,土豆烧鸡块,"菜名：土豆烧鸡块
别名：土豆鸡块
地区风格：北方家常
类型：热菜
难度：中等
适合人数：4
耗时：40分钟
主食材：鸡腿肉，土豆
食材：鸡腿肉，土豆，胡萝卜，青椒
调味：生抽，老抽，料酒，糖，盐，食用油
口味：酱香，咸香
简介：经典的北方家常菜，土豆和鸡肉烧得入味，适合带便当。
步骤：鸡腿肉切块，用料酒和生抽腌制10分钟；土豆、胡萝卜切滚刀块，青椒切片。 热锅放油，下鸡块翻炒至变色，盛出备用。 锅中留底油，下土豆和胡萝卜翻炒，加入老抽、糖和适量水，烧开。 放入鸡块，中小火炖15分钟至土豆软烂，加入青椒和盐，翻炒均匀即可。
关键词：土豆烧鸡块，土豆鸡块，便当菜，家常炖菜，鸡肉菜
"
recipe_0028,麻婆豆腐,"菜名：麻婆豆腐
别名：麻辣豆腐
地区风格：川菜家常
类型：热菜
难度：中等
适合人数：3
耗时：20分钟
主食材：嫩豆腐，猪肉末
食材：嫩豆腐，猪肉末，蒜，姜
调味：郫县豆瓣酱，生抽，料酒，花椒粉，水淀粉，食用油
口味：香辣，麻
简介：川菜经典，豆腐麻辣鲜香，是家常下饭好菜。
步骤：豆腐切小块，焯水1分钟捞出；蒜、姜切末。 热锅放油，下肉末炒散，加入蒜末、姜末和豆瓣酱炒香。 加入豆腐，轻轻翻炒，倒入生抽、料酒和少量水，烧开。 用水淀粉勾芡，撒上花椒粉，翻炒均匀即可出锅。
关键词：麻婆豆腐，麻辣豆腐，川菜，豆腐菜，下饭菜
"
recipe_0029,蒜蓉粉丝蒸虾,"菜名：蒜蓉粉丝蒸虾
别名：蒜蓉蒸虾
地区风格：家常
类型：蒸菜
难度：简单
适合人数：3
耗时：25分钟
主食材：鲜虾，粉丝
食材：鲜虾，粉丝，蒜，葱
调味：生抽，蚝油，盐，食用油
口味：蒜香，鲜
简介：蒜香浓郁，虾肉鲜美，粉丝吸饱汤汁，家常蒸菜佳选。
步骤：粉丝用温水泡软，铺在盘底；虾去须开背。 蒜切末，一半用油炒香，与另一半生蒜混合，加入生抽、蚝油、盐调成蒜蓉酱。 将蒜蓉酱铺在虾上，蒸锅水烧开，放入蒸8-10分钟。 取出后撒上葱花，淋热油即可。
关键词：蒜蓉粉丝蒸虾，蒸虾，蒜蓉菜，海鲜家常菜，鱼虾料理
"
recipe_0030,土豆炖牛肉,"菜名：土豆炖牛肉
别名：牛肉炖土豆
地区风格：北方家常
类型：炖菜
难度：中等
适合人数：3
耗时：60分钟
主食材：牛肉，土豆
食材：牛肉，土豆，胡萝卜，洋葱，姜，大葱
调味：生抽，老抽，料酒，盐，糖
口味：鲜，咸香
简介：经典北方炖菜，牛肉软烂，土豆入味，适合秋冬。
步骤：牛肉切块，冷水下锅焯水后捞出。 土豆、胡萝卜切滚刀块，洋葱切块。 锅中放油，炒香姜葱，加入牛肉翻炒。 加入调味料和水，炖煮40分钟。 加入土豆、胡萝卜、洋葱，再炖15分钟至软烂。
关键词：土豆炖牛肉，牛肉炖菜，家常炖菜，北方菜，下饭菜
"
recipe_0031,宫保鸡丁,"菜名：宫保鸡丁
别名：宫爆鸡丁
地区风格：川菜
类型：热菜
难度：中等
适合人数：3
耗时：25分钟
主食材：鸡胸肉，花生米
食材：鸡胸肉，花生米，黄瓜，干辣椒，花椒，大葱
调味：生抽，料酒，醋，糖，淀粉，盐
口味：香辣，酸甜
简介：经典川菜家常版，鸡肉嫩滑，花生香脆，微辣酸甜。
步骤：鸡胸肉切丁，用料酒、淀粉腌制10分钟。 黄瓜切丁，干辣椒剪段，大葱切段。 锅中放油，炒香干辣椒和花椒。 加入鸡丁炒至变色，再加入黄瓜、大葱翻炒。 倒入调味料和花生米，快速炒匀出锅。
关键词：宫保鸡丁，鸡肉小炒，川菜家常，下饭菜，香辣菜
"
recipe_0032,蒸鸡蛋羹,"菜名：蒸鸡蛋羹
别名：水蒸蛋
地区风格：家常
类型：蒸菜
难度：简单
适合人数：2
耗时：15分钟
主食材：鸡蛋
食材：鸡蛋，温水
调味：盐，生抽，香油
口味：鲜
简介：嫩滑的蒸蛋，营养易消化，是家庭常见菜。
步骤：鸡蛋打散，加入盐和温水，搅拌均匀。 过滤蛋液到蒸碗中，撇去浮沫。 蒸锅水烧开，放入蒸碗，中火蒸8-10分钟。 取出后淋上生抽和香油即可。
关键词：蒸鸡蛋羹，水蒸蛋，家常蒸菜，嫩滑蒸蛋，快手蒸菜
"
recipe_0033,番茄炖牛腩,"菜名：番茄炖牛腩
别名：西红柿炖牛肉
地区风格：北方家常
类型：炖菜
难度：较难
适合人数：4
耗时：90分钟
主食材：牛腩，番茄
食材：牛腩，番茄，土豆
调味：生抽，老抽，料酒，盐，姜片，八角
口味：酸甜，咸香
简介：酸甜开胃的炖菜，牛肉软烂，适合家庭聚餐。
步骤：牛腩切块，冷水下锅焯水，捞出洗净。 番茄和土豆切块。 热锅倒油，炒香姜片和八角，下牛腩翻炒，加料酒、生抽、老抽。 加入番茄炒软，加水没过食材，炖煮1小时。 加入土豆和盐，再炖20分钟至软烂即可。
关键词：番茄炖牛腩，西红柿炖牛肉，家常炖菜，牛肉菜，北方家常菜
"
recipe_0034,番茄鸡蛋盖饭,"菜名：番茄鸡蛋盖饭
别名：西红柿鸡蛋盖饭
地区风格：家常
类型：主食
难度：简单
适合人数：2
耗时：20分钟
主食材：番茄，鸡蛋，米饭
食材：番茄，鸡蛋，米饭，小葱
调味：盐，糖，食用油
口味：酸甜，咸香
简介：经典家常盖饭，酸甜开胃，简单快手，适合一人食或家庭便餐。
步骤：番茄洗净切块，鸡蛋打散，小葱切葱花。 热锅倒油，倒入蛋液炒散后盛出。 锅中再倒少许油，放入番茄块翻炒出汁。 加入炒好的鸡蛋，加盐和糖调味，翻炒均匀。 将番茄鸡蛋浇在米饭上，撒上葱花即可。
关键词：番茄鸡蛋盖饭，西红柿鸡蛋盖浇饭，快手盖饭，家常主食，简单下饭菜
"
recipe_0035,麻婆豆腐,"菜名：麻婆豆腐
别名：麻辣豆腐
地区风格：川菜
类型：热菜
难度：中等
适合人数：3
耗时：25分钟
主食材：豆腐，猪肉末
食材：嫩豆腐，猪肉末，小葱，蒜
调味：郫县豆瓣酱，花椒粉，生抽，盐，食用油，水淀粉
口味：香辣，咸香
简介：川菜经典下饭菜，麻辣鲜香，豆腐嫩滑，配米饭绝佳。
步骤：豆腐切小块，小葱切葱花，蒜切末。 热锅倒油，放入肉末炒散至变色。 加入郫县豆瓣酱和蒜末炒香。 倒入豆腐块，轻轻翻炒，加生抽和盐调味。 加入少量水煮开，用水淀粉勾芡，撒上花椒粉和葱花即可。
关键词：麻婆豆腐，麻辣豆腐，川菜下饭菜，豆腐做法，家常川菜
"
recipe_0036,蒜蓉粉丝蒸虾,"菜名：蒜蓉粉丝蒸虾
别名：蒸虾，粉丝蒸虾
地区风格：粤式家常
类型：蒸菜
难度：简单
适合人数：3
耗时：20分钟
主食材：虾，粉丝，蒜
食材：鲜虾，粉丝，蒜，小葱
调味：生抽，蚝油，盐，食用油
口味：鲜，咸香，葱香
简介：粤式家常蒸菜，虾肉鲜嫩，粉丝吸满汤汁，蒜香浓郁，健康少油。
步骤：粉丝用温水泡软，鲜虾去虾线洗净，蒜切末，小葱切葱花。 将泡软的粉丝铺在盘底，摆上鲜虾。 热锅倒油，放入蒜末炒香，加生抽、蚝油和盐调成蒜蓉酱。 将蒜蓉酱均匀淋在虾和粉丝上。 放入蒸锅，大火蒸8-10分钟，撒上葱花即可。
关键词：蒜蓉粉丝蒸虾，蒸虾做法，粤式蒸菜，海鲜家常菜，快手蒸菜
"
recipe_0037,青椒炒牛肉,"菜名：青椒炒牛肉
别名：青椒牛肉丝
地区风格：川菜家常
类型：热菜
难度：中等
适合人数：3
耗时：25分钟
主食材：牛肉，青椒
食材：牛肉，青椒，姜，蒜
调味：生抽，老抽，料酒，淀粉，盐，食用油
口味：咸香，微辣
简介：川式家常小炒，牛肉嫩滑，青椒微辣，非常下饭。
步骤：牛肉切丝，用生抽、料酒、淀粉腌制10分钟。 青椒切丝，姜蒜切末备用。 热锅冷油，下牛肉丝快速滑炒至变色，盛出。 锅中留底油，爆香姜蒜，加入青椒丝翻炒至断生。 倒入牛肉丝，加老抽、盐调味，快速翻炒均匀即可。
关键词：青椒炒牛肉，青椒牛肉丝，川菜小炒，牛肉家常菜，下饭菜，炒牛肉，辣味牛肉
"
recipe_0038,蒜蓉炒生菜,"菜名：蒜蓉炒生菜
别名：蒜蓉生菜
地区风格：粤式家常
类型：热菜
难度：简单
适合人数：2
耗时：10分钟
主食材：生菜，蒜
食材：生菜，蒜
调味：盐，食用油，蚝油
口味：蒜香，咸香
简介：粤式家常绿叶菜，蒜香浓郁，简单快手，清爽解腻。
步骤：生菜洗净沥干，蒜切末备用。 热锅冷油，爆香蒜末至微黄。 放入生菜快速翻炒至变软。 加盐、蚝油调味，翻炒均匀即可出锅。
关键词：蒜蓉炒生菜，蒜蓉生菜，绿叶菜，家常小炒，快手菜，蒜香菜，生菜做法
"
recipe_0039,葱油拌面,"菜名：葱油拌面
别名：葱油面
地区风格：江浙家常
类型：早餐
难度：简单
适合人数：2
耗时：15分钟
主食材：面条，小葱
食材：面条，小葱
调味：生抽，老抽，糖，食用油
口味：葱香，咸香
简介：江浙家常早餐面，葱香扑鼻，简单易做，适合忙碌早晨。
步骤：小葱洗净切段，葱白和葱绿分开。 锅中烧水煮面条，煮熟后捞出过凉水沥干。 另起锅热油，先下葱白炸香，再下葱绿炸至焦黄，制成葱油。 碗中加生抽、老抽、糖，倒入热葱油搅匀成酱汁。 将面条和酱汁拌匀即可食用。
关键词：葱油拌面，葱油面，早餐面，家常面，快手早餐，葱香面，拌面做法
"
recipe_0040,蒜薹炒肉片,"菜名：蒜薹炒肉片
别名：蒜薹肉片
地区风格：家常
类型：热菜
难度：简单
适合人数：3
耗时：20分钟
主食材：猪肉，蒜薹
食材：猪肉片，蒜薹
调味：生抽，料酒，盐，淀粉，蒜
口味：蒜香，咸香
简介：家常猪肉小炒，蒜香浓郁，肉片嫩滑。
步骤：猪肉片用料酒、生抽、淀粉腌制10分钟；蒜薹切段；蒜切末。 热锅冷油，爆香蒜末。 加入肉片翻炒至变色。 加入蒜薹段，翻炒至熟，加盐调味即可。
关键词：蒜薹炒肉，猪肉小炒，家常肉菜，蒜香菜，快手菜
"
recipe_0041,葱花鸡蛋饼,"菜名：葱花鸡蛋饼
别名：鸡蛋饼
地区风格：家常
类型：早餐
难度：简单
适合人数：2
耗时：10分钟
主食材：鸡蛋，面粉
食材：鸡蛋，面粉，葱
调味：盐，水
口味：葱香，清淡
简介：简单早餐饼，葱香扑鼻，营养快捷。
步骤：鸡蛋打散，加入面粉、水、盐和葱花，搅拌成面糊。 平底锅刷油，倒入面糊，摊平。 小火煎至两面金黄即可。
关键词：鸡蛋饼，葱花饼，早餐饼，快手早餐，家常早餐
"
recipe_0042,红烧冬瓜,"菜名：红烧冬瓜
别名：冬瓜烧肉
地区风格：家常
类型：热菜
难度：简单
适合人数：3
耗时：25分钟
主食材：冬瓜
食材：冬瓜，猪肉末
调味：生抽，老抽，盐，糖，葱
口味：酱香，鲜
简介：家常红烧冬瓜，酱香入味，适合搭配米饭。
步骤：冬瓜去皮切块；猪肉末备用；葱切末。 热锅冷油，炒香猪肉末。 加入冬瓜块，翻炒均匀。 加入生抽、老抽、盐、糖和适量水，烧煮至冬瓜软烂，撒葱花即可。
关键词：红烧冬瓜，冬瓜菜，家常素菜，酱香菜，下饭菜
"
recipe_0043,蒜蓉炒生菜,"菜名：蒜蓉炒生菜
别名：清炒生菜，蒜蓉生菜
地区风格：家常
类型：热菜
难度：简单
适合人数：2
耗时：10分钟
主食材：生菜
食材：生菜，大蒜
调味：盐，食用油
口味：鲜，葱香
简介：一道简单快手的绿叶菜，蒜香浓郁，清爽可口。
步骤：生菜洗净，沥干水分；大蒜切末。 热锅下油，放入蒜末爆香。 放入生菜，快速翻炒至变软。 加盐调味，翻炒均匀即可出锅。
关键词：生菜，蒜蓉，炒青菜，快手菜，家常素菜
"
recipe_0044,剩菜炒饭,"菜名：剩菜炒饭
别名：什锦炒饭，家常炒饭
地区风格：家常
类型：主食
难度：简单
适合人数：2
耗时：15分钟
主食材：剩米饭，鸡蛋
食材：剩米饭，鸡蛋，火腿肠，胡萝卜，青豆
调味：盐，生抽，食用油
口味：鲜
简介：利用冰箱剩余食材制作的炒饭，简单方便，营养均衡。
步骤：火腿肠、胡萝卜切丁；鸡蛋打散。 热锅下油，倒入蛋液炒散，盛出备用。 锅中再加点油，放入胡萝卜丁、青豆翻炒。 加入火腿肠丁和剩米饭，翻炒均匀。 倒入炒好的鸡蛋，加盐和生抽调味，炒匀即可。
关键词：炒饭，剩菜，鸡蛋炒饭，快手主食，便当菜
"
recipe_0045,糖醋里脊,"菜名：糖醋里脊
别名：酸甜里脊
地区风格：江浙家常
类型：热菜
难度：中等
适合人数：3
耗时：30分钟
主食材：猪里脊肉
食材：猪里脊肉，鸡蛋
调味：番茄酱，白糖，白醋，生抽，淀粉，食用油
口味：酸甜
简介：江浙家常酸甜口味菜，外酥里嫩，开胃下饭。
步骤：猪里脊切条，用鸡蛋和淀粉抓匀腌制10分钟。 热油，将肉条炸至金黄，捞出沥油。 锅中留底油，放入番茄酱、白糖、白醋、生抽炒匀。 倒入炸好的肉条，快速翻炒均匀即可。
关键词：糖醋里脊，酸甜肉，便当菜，江浙菜，炸肉
"
recipe_0046,鱼香茄子,"菜名：鱼香茄子
别名：鱼香茄条
地区风格：川菜家常
类型：热菜
难度：中等
适合人数：3
耗时：25分钟
主食材：茄子，猪肉末
食材：茄子，猪肉末，姜，蒜，葱
调味：生抽，醋，糖，豆瓣酱，淀粉，食用油
口味：香辣，酸甜
简介：川味鱼香茄子，茄子软糯，鱼香味浓，下饭神器。
步骤：茄子切条，姜蒜切末，葱切花；肉末用少许生抽和淀粉拌匀。 锅中放油烧热，下茄子炸软或煸炒至软，盛出备用。 锅中留底油，下姜蒜和豆瓣酱炒香，加入肉末炒散。 加入茄子，倒入生抽、醋、糖调成的汁，翻炒均匀。 撒上葱花，勾芡收汁即可。
关键词：鱼香茄子，茄子家常菜，川菜茄子，下饭菜，鱼香口味
"
recipe_0047,葱花鸡蛋饼,"菜名：葱花鸡蛋饼
别名：葱油蛋饼，鸡蛋饼
地区风格：家常
类型：早餐
难度：简单
适合人数：2
耗时：15分钟
主食材：鸡蛋，面粉，葱
食材：鸡蛋，面粉，葱，水
调味：盐，食用油
口味：葱香，鲜
简介：简单葱花鸡蛋饼，葱香浓郁，软嫩可口，快手早餐。
步骤：鸡蛋打散，葱切花，面粉加水调成糊状。 将蛋液、葱花、盐加入面糊中，搅拌均匀。 平底锅刷油烧热，倒入面糊摊平，小火煎至两面金黄。
关键词：葱花鸡蛋饼，早餐饼，鸡蛋饼做法，家常早餐，快手早餐
"
recipe_0048,土豆炖鸡块,"菜名：土豆炖鸡块
别名：土豆烧鸡，土豆鸡块
地区风格：北方家常
类型：炖菜
难度：简单
适合人数：3
耗时：40分钟
主食材：鸡腿，土豆
食材：鸡腿，土豆，胡萝卜，青椒，姜，蒜，葱
调味：生抽，老抽，料酒，盐，糖，食用油
口味：鲜，咸香
简介：家常炖菜，土豆软糯，鸡肉鲜嫩，汤汁拌饭很香。
步骤：鸡腿切块，土豆、胡萝卜去皮切滚刀块，青椒切块，姜蒜切片，葱切段。 热锅倒油，爆香姜蒜葱，下鸡块翻炒至变色。 加料酒、生抽、老抽、糖翻炒均匀，加水没过鸡块，烧开后转小火炖15分钟。 加入土豆、胡萝卜块，继续炖10分钟至软。 放入青椒块，加盐调味，大火收汁即可。
关键词：土豆炖鸡，土豆烧鸡块，家常炖菜，鸡肉土豆，北方菜
"
recipe_0049,蒜蓉蒸茄子,"菜名：蒜蓉蒸茄子
别名：蒸茄子，蒜蓉茄子
地区风格：粤式家常
类型：蒸菜
难度：简单
适合人数：2
耗时：20分钟
主食材：茄子
食材：茄子，蒜，葱
调味：生抽，蚝油，香油，盐，食用油
口味：鲜，蒜香
简介：粤式蒸菜，茄子软糯，蒜香浓郁，健康少油。
步骤：茄子洗净切长条，蒜切末，葱切葱花。 茄子摆盘，撒上蒜末，淋少许油。 蒸锅水开后，放入茄子蒸10分钟至软。 取出后淋上生抽、蚝油、香油、盐，撒葱花即可。
关键词：蒜蓉蒸茄子，蒸茄子，茄子蒸菜，粤式家常，健康蒸菜
"
recipe_0050,蒜蓉西兰花,"菜名：蒜蓉西兰花
别名：蒜蓉西兰花炒肉片，清炒西兰花
地区风格：家常
类型：热菜
难度：简单
适合人数：3
耗时：15分钟
主食材：西兰花，猪肉片，大蒜
食材：西兰花，猪肉片，大蒜
调味：盐，生抽，食用油
口味：蒜香，咸香
简介：一道简单快手的家常小炒，蒜香浓郁，西兰花脆嫩爽口，适合日常餐桌。
步骤：西兰花洗净切小朵，猪肉切片，大蒜切末。 锅中烧水，水开后焯西兰花1分钟捞出。 热锅冷油，下蒜末爆香，加入猪肉片炒至变色。 加入西兰花翻炒，加盐和生抽调味，炒匀即可出锅。
关键词：蒜蓉西兰花，清炒西兰花，西兰花炒肉，家常小炒，快手菜，蒜香蔬菜
"
recipe_0051,清蒸鲈鱼,"菜名：清蒸鲈鱼
别名：蒸鲈鱼，家常蒸鱼
地区风格：粤式
类型：蒸菜
难度：中等
适合人数：3
耗时：25分钟
主食材：鲈鱼，蒸鱼豉油
食材：鲈鱼，生姜，小葱
调味：蒸鱼豉油，料酒，食用油
口味：鲜，咸香
简介：经典粤式蒸菜，鱼肉鲜嫩，原汁原味，适合家庭聚餐或日常改善伙食。
步骤：鲈鱼处理干净，两面划几刀，用料酒和姜片腌制10分钟。 鱼身放姜片和葱段，放入蒸锅，水开后蒸8-10分钟。 取出鱼，倒掉盘中汤汁，撒上葱丝，淋上热油和蒸鱼豉油即可。
关键词：清蒸鲈鱼，蒸鱼做法，粤式蒸鱼，家常蒸鱼，鲜嫩蒸鱼，简单蒸菜
"
recipe_0052,蒜蓉西兰花,"菜名：蒜蓉西兰花
别名：蒜炒西兰花
地区风格：家常
类型：热菜
难度：简单
适合人数：2
耗时：15分钟
主食材：西兰花，大蒜
食材：西兰花，大蒜
调味：盐，食用油，鸡精
口味：清淡，葱香
简介：简单健康的绿叶菜，蒜香浓郁，口感爽脆，适合日常搭配。
步骤：西兰花掰成小朵，用盐水浸泡5分钟后洗净。 大蒜切末。 热锅下油，爆香蒜末，放入西兰花翻炒。 加少许水焖煮2分钟，调入盐和鸡精，炒匀出锅。
关键词：蒜蓉西兰花，炒西兰花，绿叶菜，清淡菜，蒜香，健康菜
"
recipe_0053,土豆烧牛肉,"菜名：土豆烧牛肉
别名：土豆炖牛肉
地区风格：家常
类型：炖菜
难度：中等
适合人数：4
耗时：60分钟
主食材：牛腩，土豆
食材：牛腩，土豆，胡萝卜，洋葱，姜，大葱
调味：生抽，老抽，料酒，盐，食用油
口味：咸香，鲜
简介：经典炖菜，牛肉软烂，土豆入味，营养丰富，适合全家享用。
步骤：牛腩切块，冷水下锅焯水去血沫，捞出洗净。 土豆、胡萝卜切滚刀块，洋葱切块，姜切片，大葱切段。 热锅下油，爆香姜片和葱段，放入牛肉翻炒，加料酒、生抽、老抽炒匀。 加入足量热水，烧开后转小火炖40分钟。 放入土豆、胡萝卜、洋葱，继续炖15分钟，加盐调味，收汁出锅。
关键词：土豆烧牛肉，土豆炖牛肉，牛肉菜，炖菜，家常菜，下饭菜
"
recipe_0054,土豆炖排骨,"菜名：土豆炖排骨
别名：排骨炖土豆
地区风格：家常
类型：炖菜
难度：中等
适合人数：3
耗时：60分钟
主食材：猪排骨，土豆
食材：猪排骨，土豆，胡萝卜，水
调味：姜片，葱段，料酒，生抽，老抽，盐
口味：咸香
简介：家常炖菜，排骨软烂，土豆入味，适合配米饭。
步骤：排骨焯水去血沫，土豆、胡萝卜切块。 锅中放油，炒香姜葱，下排骨翻炒。 加料酒、生抽、老抽炒匀，加水没过食材。 大火烧开转小火炖30分钟。 加入土豆、胡萝卜块，继续炖15分钟至软烂，加盐调味。
关键词：土豆炖排骨，排骨炖土豆，家常炖菜，炖排骨，土豆菜
"
recipe_0055,凉拌黄瓜,"菜名：凉拌黄瓜
别名：拍黄瓜，蒜泥黄瓜
地区风格：家常
类型：凉菜
难度：简单
适合人数：2
耗时：10分钟
主食材：黄瓜，蒜
食材：黄瓜，蒜
调味：生抽，香醋，盐，白糖，香油
口味：蒜香，咸香，鲜
简介：简单快手的凉拌菜，蒜香开胃，适合夏天或佐餐。
步骤：黄瓜洗净，用刀拍裂后切段。 蒜切末，与黄瓜放入碗中。 加入生抽、香醋、盐、白糖、香油拌匀。 静置几分钟入味即可。
关键词：凉拌黄瓜，拍黄瓜，蒜泥黄瓜，凉菜，快手菜，家常凉拌
"
recipe_0056,清蒸鲈鱼,"菜名：清蒸鲈鱼
别名：蒸鲈鱼
地区风格：粤式家常
类型：蒸菜
难度：中等
适合人数：3
耗时：25分钟
主食材：鲈鱼，姜，葱
食材：鲈鱼，姜，葱
调味：蒸鱼豉油，料酒，盐，食用油
口味：鲜，咸香，葱香
简介：粤式家常蒸鱼，做法简单，突出鱼肉的鲜嫩原味。
步骤：鲈鱼处理干净，两面划几刀，用盐和料酒抹匀腌制10分钟。 姜切片，葱切丝，铺在鱼身上。 水开后上锅蒸8-10分钟至熟。 取出倒掉盘内水，淋上蒸鱼豉油，撒葱丝，浇热油即可。
关键词：清蒸鲈鱼，蒸鲈鱼，鱼虾类，蒸菜，粤菜，家常鱼
"
recipe_0057,蒜蓉炒空心菜,"菜名：蒜蓉炒空心菜
别名：炒空心菜，蒜蓉通菜
地区风格：家常
类型：热菜
难度：简单
适合人数：2
耗时：10分钟
主食材：空心菜，蒜
食材：空心菜，蒜
调味：盐，食用油
口味：蒜香，咸香，鲜
简介：简单快手的绿叶菜，蒜香浓郁，清爽可口。
步骤：空心菜洗净切段，蒜切末。 热锅倒油，爆香蒜末。 加入空心菜大火快炒至变软。 加盐调味，翻炒均匀即可出锅。
关键词：蒜蓉炒空心菜，炒空心菜，蒜蓉通菜，绿叶菜类，快手菜，家常炒菜
"
recipe_0058,土豆烧鸡块,"菜名：土豆烧鸡块
别名：土豆炖鸡
地区风格：家常
类型：炖菜
难度：中等
适合人数：4
耗时：40分钟
主食材：鸡腿，土豆
食材：鸡腿，土豆，胡萝卜，姜，蒜
调味：生抽，老抽，料酒，盐，糖
口味：咸香，酱香
简介：家常炖菜，鸡肉入味，土豆软糯，适合带便当。
步骤：鸡腿切块焯水，土豆、胡萝卜切滚刀块。 热油爆香姜蒜，下鸡块翻炒至变色。 加生抽、老抽、料酒、糖炒匀，加水没过食材。 炖15分钟后加土豆、胡萝卜，再炖15分钟至软烂，加盐调味。
关键词：土豆烧鸡，炖鸡块，便当菜，家常炖菜，下饭菜
"
recipe_0059,番茄鸡蛋盖饭,"菜名：番茄鸡蛋盖饭
别名：西红柿鸡蛋盖饭
地区风格：家常
类型：主食
难度：简单
适合人数：2
耗时：15分钟
主食材：番茄，鸡蛋
食材：番茄，鸡蛋，米饭
调味：葱花，盐，糖，食用油
口味：酸甜，鲜
简介：家常盖饭，酸甜开胃，鸡蛋嫩滑，简单又营养。
步骤：番茄切块，鸡蛋打散加少许盐。 热锅倒油，下鸡蛋炒熟盛出。 锅中再倒油，下番茄炒软出汁，加糖和盐调味。 倒入炒好的鸡蛋翻炒均匀，撒葱花。 将番茄鸡蛋浇在米饭上即可。
关键词：番茄鸡蛋盖饭，西红柿鸡蛋盖饭，盖饭，主食，番茄，鸡蛋，家常菜，快手菜
"
recipe_0060,土豆炖排骨,"菜名：土豆炖排骨
别名：土豆烧排骨
地区风格：北方家常
类型：炖菜
难度：中等
适合人数：4
耗时：60分钟
主食材：排骨，土豆
食材：排骨，土豆，胡萝卜
调味：姜片，葱段，生抽，老抽，料酒，盐，食用油
口味：酱香，咸香
简介：北方家常炖菜，排骨酥烂，土豆入味，汤汁浓郁。
步骤：排骨焯水去血沫，土豆、胡萝卜切块。 热锅倒油，下姜片、葱段爆香，加入排骨翻炒。 加料酒、生抽、老抽炒匀上色。 加水没过排骨，大火烧开转小火炖30分钟。 加入土豆和胡萝卜块，继续炖15分钟至软烂，加盐调味。
关键词：土豆炖排骨，土豆烧排骨，炖菜，排骨，土豆，北方家常，家常菜
"
recipe_0061,红烧冬瓜,"菜名：红烧冬瓜
别名：冬瓜烧肉
地区风格：江浙家常
类型：热菜
难度：简单
适合人数：3
耗时：25分钟
主食材：冬瓜，五花肉
食材：冬瓜，五花肉
调味：生抽，老抽，糖，姜片，食用油
口味：咸香，酱香，鲜
简介：江浙家常炖菜，冬瓜吸收肉汁，软糯入味，酱香浓郁。
步骤：冬瓜去皮切块，五花肉切片，姜切片。 热锅倒油，煸炒五花肉至出油。 加入姜片和冬瓜翻炒，加生抽、老抽、糖。 加水没过食材，中小火炖煮至冬瓜软烂，收汁出锅。
关键词：红烧冬瓜，冬瓜做法，家常炖菜，江浙菜，冬瓜烧肉
"
recipe_0062,番茄炒蛋盖饭,"菜名：番茄炒蛋盖饭
别名：西红柿炒鸡蛋盖饭
地区风格：家常
类型：主食
难度：简单
适合人数：2
耗时：20分钟
主食材：番茄，鸡蛋
食材：番茄，鸡蛋，米饭，葱花
调味：盐，糖，生抽，油
口味：酸甜，咸香
简介：经典家常菜，酸甜开胃，简单快手，适合搭配米饭。
步骤：番茄洗净切块，鸡蛋打散加少许盐搅匀。 热锅倒油，倒入蛋液炒熟后盛出。 锅中再加少许油，放入番茄块翻炒出汁。 加入炒好的鸡蛋，加盐、糖、生抽调味，翻炒均匀。 撒上葱花，盛出盖在米饭上即可。
关键词：番茄炒蛋，西红柿炒鸡蛋，盖饭，家常菜，快手菜，下饭菜
"
recipe_0063,蒜蓉炒平菇,"菜名：蒜蓉炒平菇
别名：蒜炒平菇
地区风格：家常
类型：热菜
难度：简单
适合人数：3
耗时：15分钟
主食材：平菇
食材：平菇，大蒜，青蒜苗
调味：盐，生抽，油
口味：咸香，葱香
简介：简单快手的菌菇小炒，蒜香浓郁，口感滑嫩。
步骤：平菇撕成小朵洗净，大蒜切末，青蒜苗切段。 热锅倒油，放入蒜末爆香。 加入平菇翻炒至变软出水。 加盐、生抽调味，放入青蒜苗翻炒均匀即可。
关键词：蒜蓉平菇，炒平菇，菌菇菜，家常小炒，素食，快手菜
"
recipe_0064,清炒菠菜,"菜名：清炒菠菜
别名：蒜炒菠菜
地区风格：家常
类型：热菜
难度：简单
适合人数：2
耗时：10分钟
主食材：菠菜
食材：菠菜，大蒜
调味：盐，油
口味：清淡，咸香
简介：简单快手的绿叶菜，清淡爽口，适合日常配餐。
步骤：菠菜洗净切段，大蒜切末。 热锅倒油，放入蒜末爆香。 加入菠菜快速翻炒至变软。 加盐调味，翻炒均匀即可出锅。
关键词：清炒菠菜，蒜炒菠菜，绿叶菜，家常小炒，快手菜，素食
"
recipe_0065,蒜蓉炒青菜,"菜名：蒜蓉炒青菜
别名：清炒青菜
地区风格：家常
类型：小炒
难度：简单
适合人数：2
耗时：10分钟
主食材：小青菜
食材：小青菜，蒜
调味：盐，食用油
口味：清淡，鲜
简介：简单清淡的家常绿叶菜，蒜香提味，快速健康。
步骤：小青菜洗净沥干，蒜切末。 热锅倒油，下蒜末爆香。 加入青菜，大火快速翻炒至变软。 加盐调味，炒匀出锅。
关键词：蒜蓉青菜，清炒蔬菜，家常素菜，绿叶菜做法，快手素炒
"
recipe_0066,蒜蓉炒青菜,"菜名：蒜蓉炒青菜
别名：炒青菜，蒜蓉青菜
地区风格：家常
类型：热菜
难度：简单
适合人数：2
耗时：10分钟
主食材：青菜，大蒜
食材：青菜，大蒜
调味：盐，食用油
口味：蒜香，清淡
简介：一道简单快手的绿叶菜，蒜香浓郁，适合日常配饭。
步骤：青菜洗净，大蒜切末。 热锅冷油，放入蒜末爆香。 加入青菜翻炒至变软。 加盐调味，炒匀出锅。
关键词：青菜，蒜蓉，炒青菜，家常小炒，绿叶菜，快手菜
"
recipe_0067,清蒸鲈鱼,"菜名：清蒸鲈鱼
别名：蒸鲈鱼，清蒸鱼
地区风格：粤式家常
类型：热菜
难度：中等
适合人数：3
耗时：25分钟
主食材：鲈鱼，生姜，大葱
食材：鲈鱼，生姜，大葱
调味：蒸鱼豉油，食用油
口味：鲜，葱香
简介：清淡鲜美的蒸鱼，做法简单，保留鱼肉原味，适合家庭聚餐。
步骤：鲈鱼处理干净，在鱼身两面划几刀。 生姜切片，大葱切丝，铺在鱼身上。 水开后放入蒸锅，大火蒸8-10分钟。 取出后倒掉盘中水分，淋上蒸鱼豉油。 热油浇在鱼身上，激出香味。
关键词：清蒸鲈鱼，鱼虾类，蒸菜，粤菜，清淡，鲜味
"
recipe_0068,土豆炖牛肉,"菜名：土豆炖牛肉
别名：牛肉炖土豆，土豆烧牛肉
地区风格：北方家常
类型：炖菜
难度：较难
适合人数：4
耗时：60分钟
主食材：牛腩，土豆
食材：牛腩，土豆，胡萝卜
调味：生抽，老抽，料酒，盐，食用油
口味：酱香，咸香
简介：北方家常炖菜，牛肉软烂，土豆入味，适合秋冬暖身。
步骤：牛腩切块，焯水去血沫，捞出洗净。 土豆、胡萝卜去皮切块。 热锅放油，炒香牛腩，加料酒、生抽、老抽翻炒。 加水没过牛肉，大火烧开转小火炖40分钟。 加入土豆、胡萝卜块，继续炖15分钟至软烂，加盐调味。
关键词：土豆炖牛肉，炖菜类，北方菜，牛肉，土豆，炖煮
"
recipe_0069,番茄豆腐汤,"菜名：番茄豆腐汤
别名：西红柿豆腐汤，番茄豆腐羹
地区风格：家常
类型：汤
难度：简单
适合人数：3
耗时：15分钟
主食材：番茄，嫩豆腐
食材：番茄，嫩豆腐，鸡蛋
调味：盐，食用油
口味：清淡，鲜
简介：简单快手的家常汤，番茄酸甜，豆腐嫩滑，营养开胃。
步骤：番茄洗净切块，豆腐切小块，鸡蛋打散。 热锅放油，炒番茄至出汁。 加水烧开，放入豆腐煮3分钟。 淋入蛋液，加盐调味，煮1分钟出锅。
关键词：番茄豆腐汤，汤类，豆腐类，快手汤，清淡，家常汤
"
recipe_0070,蒜蓉金针菇,"菜名：蒜蓉金针菇
别名：蒜蓉蒸金针菇
地区风格：家常
类型：蒸菜
难度：简单
适合人数：3
耗时：15分钟
主食材：金针菇，大蒜
食材：金针菇，大蒜，小葱
调味：生抽，蚝油，食用油，盐
口味：蒜香，鲜
简介：一道简单快手的蒸菜，蒜香浓郁，金针菇滑嫩鲜美，适合日常家庭制作。
步骤：金针菇切去根部，洗净后平铺在盘中。 大蒜切末，小葱切葱花。 锅中放油烧热，下蒜末炒香，加入生抽、蚝油、盐调成蒜蓉酱。 将蒜蓉酱均匀淋在金针菇上，放入蒸锅大火蒸8分钟。 取出后撒上葱花即可。
关键词：金针菇，蒜蓉，蒸菜，快手菜，家常菜，菌菇菜
"
recipe_0071,蒜蓉炒空心菜,"菜名：蒜蓉炒空心菜
别名：清炒空心菜
地区风格：家常
类型：热菜
难度：简单
适合人数：3
耗时：10分钟
主食材：空心菜，大蒜
食材：空心菜，大蒜
调味：盐，食用油
口味：蒜香，清淡
简介：家常快手绿叶菜，蒜香扑鼻，空心菜脆嫩爽口，是家庭餐桌上的常见素菜。
步骤：空心菜洗净，摘成段，大蒜切末。 锅中放油烧热，下蒜末爆香。 放入空心菜大火快速翻炒至变软。 加盐调味，翻炒均匀即可出锅。
关键词：空心菜，蒜蓉，炒青菜，绿叶菜，家常菜，快手菜
"
recipe_0072,小炒肉,"菜名：小炒肉
别名：农家小炒肉
地区风格：湘式家常
类型：热菜
难度：中等
适合人数：3
耗时：20分钟
主食材：五花肉，青椒
食材：五花肉，青椒，红椒，大蒜，生姜
调味：生抽，老抽，料酒，盐，食用油
口味：香辣，咸香
简介：湘式经典下饭菜，五花肉焦香，辣椒爽口，香辣开胃，家常做法简单。
步骤：五花肉切片，青红椒切块，大蒜、生姜切片。 锅中放少许油，下五花肉煸炒出油，至微焦。 加入姜蒜片炒香，淋入料酒去腥。 放入青红椒翻炒至断生。 加生抽、老抽、盐调味，翻炒均匀即可。
关键词：小炒肉，湘菜，下饭菜，五花肉，家常菜，香辣菜
"
recipe_0073,土豆烧牛肉,"菜名：土豆烧牛肉
别名：牛肉烧土豆，土豆炖牛肉
地区风格：北方家常
类型：炖菜
难度：中等
适合人数：4
耗时：60分钟
主食材：牛肉，土豆
食材：牛肉，土豆，胡萝卜
调味：食用油，生抽，老抽，料酒，姜片，八角，盐
口味：咸香，鲜
简介：北方家常炖菜，牛肉软烂，土豆入味，营养丰富。
步骤：牛肉切块，焯水去血沫；土豆、胡萝卜切滚刀块。 热锅冷油，下姜片、八角爆香，加入牛肉翻炒至微黄。 加生抽、老抽、料酒调味，加水没过牛肉，炖煮30分钟。 加入土豆、胡萝卜块，继续炖煮15分钟至软烂，加盐调味。
关键词：土豆烧牛肉，炖菜，牛肉菜，家常菜，下饭菜
"
recipe_0074,西红柿鸡蛋汤,"菜名：西红柿鸡蛋汤
别名：番茄蛋汤
地区风格：家常
类型：汤
难度：简单
适合人数：3
耗时：15分钟
主食材：西红柿，鸡蛋
食材：西红柿，鸡蛋，小葱
调味：盐，香油，白胡椒粉
口味：酸甜，清淡
简介：家常快手汤，酸甜开胃，营养简单，适合搭配米饭或面食。
步骤：西红柿洗净切块，鸡蛋打散，小葱切葱花。 锅中加水烧开，放入西红柿块煮3分钟至软。 转小火，慢慢淋入蛋液，形成蛋花。 加盐、白胡椒粉调味，撒葱花，滴香油即可。
关键词：西红柿鸡蛋汤，番茄蛋汤，家常汤，快手汤，清淡汤
"
recipe_0075,葱油鸡,"菜名：葱油鸡
别名：葱油淋鸡
地区风格：江浙家常
类型：热菜
难度：中等
适合人数：3
耗时：30分钟
主食材：鸡腿，小葱
食材：鸡腿，小葱，姜
调味：生抽，盐，食用油，白糖
口味：葱香，咸香
简介：江浙家常菜，鸡肉鲜嫩，葱香浓郁，做法简单不失风味。
步骤：鸡腿洗净，加姜片和盐，蒸或煮15分钟至熟，取出切块摆盘。 小葱切葱花，锅中热油，小火炸葱至金黄出香。 将热葱油淋在鸡块上，再淋上生抽和白糖调匀的酱汁即可。
关键词：葱油鸡，家常鸡肉，葱香鸡，江浙菜，下饭鸡肉
"
recipe_0076,肉末茄子,"菜名：肉末茄子
别名：茄子烧肉末
地区风格：川菜家常
类型：热菜
难度：中等
适合人数：3
耗时：25分钟
主食材：茄子，猪肉末
食材：茄子，猪肉末，大蒜，姜
调味：豆瓣酱，生抽，老抽，糖，食用油
口味：酱香，鲜
简介：川味家常菜，茄子软糯入味，肉末增香，非常下饭。
步骤：茄子切条，大蒜和姜切末。 热锅倒油，下茄子翻炒至软，盛出备用。 锅中留油，下肉末炒散，加蒜末、姜末和豆瓣酱炒香。 倒入茄子，加生抽、老抽、糖翻炒均匀，加少量水焖2分钟。 大火收汁，出锅装盘。
关键词：茄子做法，肉末茄子，川菜茄子，下饭菜，家常茄子
"
recipe_0077,清炒南瓜,"菜名：清炒南瓜
别名：炒南瓜
地区风格：家常
类型：热菜
难度：简单
适合人数：2
耗时：15分钟
主食材：南瓜
食材：南瓜，大蒜
调味：盐，食用油
口味：清淡，鲜
简介：简单清淡的家常菜，南瓜软糯香甜，适合搭配米饭或作为配菜。
步骤：南瓜去皮去瓤，切片，大蒜切片。 热锅倒油，下蒜片爆香。 倒入南瓜片翻炒，加少量水焖煮至软。 加盐调味，翻炒均匀出锅。
关键词：清炒南瓜，南瓜做法，家常南瓜，清淡菜，素食菜
"
recipe_0078,土豆丝炒肉,"菜名：土豆丝炒肉
别名：土豆炒肉丝，土豆肉丝
地区风格：家常
类型：热菜
难度：简单
适合人数：3
耗时：25分钟
主食材：土豆，猪里脊肉
食材：土豆，猪里脊肉，青椒，葱
调味：生抽，老抽，料酒，盐，白胡椒粉，食用油
口味：咸香，酱香
简介：家常快手菜，土豆丝爽脆，肉丝嫩滑，咸香下饭。
步骤：土豆去皮切丝，泡水去淀粉；猪肉切丝，加料酒、白胡椒粉腌制；青椒切丝，葱切段。 热锅冷油，下肉丝炒至变色，盛出备用。 锅中留底油，下土豆丝翻炒至半透明，加入青椒丝和葱段。 倒入肉丝，加生抽、老抽、盐，快速翻炒均匀即可出锅。
关键词：土豆丝，炒肉，家常菜，快手菜，土豆炒肉，下饭菜
"
recipe_0079,蒜蓉炒青菜,"菜名：蒜蓉炒青菜
别名：炒青菜，蒜蓉生菜
地区风格：家常
类型：热菜
难度：简单
适合人数：2
耗时：10分钟
主食材：青菜
食材：青菜，大蒜
调味：盐，食用油
口味：清淡，蒜香
简介：简单绿叶菜，蒜香浓郁，清爽解腻，适合搭配主食。
步骤：青菜洗净切段；大蒜切末。 热锅下油，爆香蒜末。 倒入青菜，大火快速翻炒至变软。 加盐调味，翻炒均匀即可出锅。
关键词：炒青菜，蒜蓉青菜，绿叶菜，家常菜，快手菜，蒜香
"
recipe_0080,蒜蓉炒菠菜,"菜名：蒜蓉炒菠菜
别名：清炒菠菜
地区风格：家常
类型：绿叶菜
难度：简单
适合人数：2
耗时：10分钟
主食材：菠菜
食材：菠菜，大蒜
调味：盐，食用油
口味：清淡，咸香
简介：清爽的绿叶菜，蒜香提味，简单健康。
步骤：菠菜洗净，大蒜切末。 热锅冷油，下蒜末爆香。 放入菠菜大火快速翻炒至变软。 加盐调味，炒匀出锅。
关键词：蒜蓉菠菜，清炒菠菜，绿叶菜，家常小炒，快手菜
"
recipe_0081,葱油鸡,"菜名：葱油鸡
别名：
地区风格：粤式家常
类型：热菜
难度：中等
适合人数：4
耗时：40分钟
主食材：鸡腿
食材：鸡腿，小葱
调味：食用油，盐，姜片，料酒
口味：葱香，咸香
简介：粤式家常菜，鸡肉鲜嫩，葱油香气浓郁，简单易做。
步骤：鸡腿洗净，加姜片、料酒、盐腌制10分钟。 鸡腿放入蒸锅，大火蒸20分钟至熟透，取出切块。 小葱切葱花，热油爆香至葱油香味溢出。 葱油淋在鸡块上，拌匀即可。
关键词：葱油鸡，蒸鸡，鸡肉家常菜，粤菜家常，葱香
"
recipe_0082,剩菜炒饭,"菜名：剩菜炒饭
别名：蛋炒饭
地区风格：家常
类型：主食
难度：简单
适合人数：2
耗时：15分钟
主食材：剩米饭
食材：剩米饭，鸡蛋，火腿肠，青豆，胡萝卜丁
调味：食用油，盐，生抽，葱花
口味：咸香
简介：利用冰箱剩菜和米饭，快速做成美味炒饭，经济实惠。
步骤：鸡蛋打散，热油炒熟盛出；火腿肠、胡萝卜切丁。 热油，下胡萝卜丁、青豆、火腿肠丁翻炒。 加入剩米饭，炒散，加盐、生抽调味。 加入炒好的鸡蛋、葱花，炒匀出锅。
关键词：剩菜炒饭，蛋炒饭，炒饭，冰箱剩菜，快手主食
"
recipe_0083,鱼香肉丝,"菜名：鱼香肉丝
别名：鱼香肉丝
地区风格：川菜
类型：热菜
难度：中等
适合人数：3
耗时：25分钟
主食材：猪里脊肉，胡萝卜，青椒
食材：猪里脊肉，胡萝卜，青椒，木耳，葱，姜，蒜
调味：生抽，老抽，醋，白糖，料酒，淀粉，盐，食用油
口味：酸甜，咸香
简介：经典川菜，酸甜开胃，肉丝嫩滑，配菜丰富，适合家庭日常制作。
步骤：猪里脊肉切丝，用料酒、淀粉、盐腌制10分钟。 胡萝卜、青椒、木耳切丝，葱姜蒜切末。 热锅冷油，下肉丝滑炒至变色，盛出备用。 锅中留底油，爆香葱姜蒜，加入胡萝卜、青椒、木耳翻炒。 倒入肉丝，加入生抽、老抽、醋、白糖、盐调味，快速翻炒均匀即可。
关键词：鱼香肉丝，川菜，酸甜，肉丝，下饭菜，家常菜，快手菜
"
recipe_0084,青椒肉片,"菜名：青椒肉片
别名：青椒炒肉片
地区风格：家常
类型：热菜
难度：简单
适合人数：2
耗时：20分钟
主食材：猪瘦肉，青椒
食材：猪瘦肉，青椒，蒜
调味：生抽，老抽，料酒，淀粉，盐，食用油
口味：咸香，蒜香
简介：简单快手的猪肉小炒，肉片嫩滑，青椒爽口，蒜香提味，是家庭常备菜。
步骤：猪瘦肉切片，用料酒、淀粉、盐腌制10分钟。 青椒去籽切块，蒜切片。 热锅冷油，下肉片滑炒至变色，盛出备用。 锅中留底油，爆香蒜片，加入青椒翻炒至断生。 倒入肉片，加入生抽、老抽、盐调味，快速翻炒均匀即可。
关键词：青椒肉片，猪肉小炒，家常菜，快手菜，蒜香，便当菜
"
recipe_0085,酸辣土豆丝,"菜名：酸辣土豆丝
别名：酸辣土豆丝
地区风格：家常
类型：热菜
难度：简单
适合人数：2
耗时：15分钟
主食材：土豆，青椒
食材：土豆，青椒，干辣椒，蒜
调味：醋，生抽，盐，白糖，食用油
口味：酸辣，咸香
简介：经典家常土豆菜，酸辣开胃，土豆丝脆爽，制作快速，适合日常餐桌。
步骤：土豆去皮切丝，泡水去除淀粉，青椒切丝，干辣椒切段，蒜切片。 热锅冷油，爆香干辣椒和蒜片。 加入土豆丝和青椒丝，大火快速翻炒。 加入醋、生抽、盐、白糖调味，翻炒均匀即可出锅。
关键词：酸辣土豆丝，土豆菜，家常菜，快手菜，酸辣，下饭菜
"
recipe_0086,蒜蓉炒蘑菇,"菜名：蒜蓉炒蘑菇
别名：蒜蓉蘑菇
地区风格：家常
类型：热菜
难度：简单
适合人数：2
耗时：15分钟
主食材：蘑菇，蒜
食材：蘑菇，蒜，葱
调味：生抽，盐，食用油
口味：蒜香，咸香
简介：简单菌菇小炒，蒜香浓郁，蘑菇滑嫩，低油健康，适合家庭日常食用。
步骤：蘑菇洗净切片，蒜切末，葱切段。 热锅冷油，爆香蒜末。 加入蘑菇片，大火翻炒至变软出水。 加入生抽、盐调味，撒上葱段翻炒均匀即可。
关键词：蒜蓉炒蘑菇，菌菇菜，家常菜，快手菜，蒜香，低油
"
recipe_0087,蒜蓉炒南瓜,"菜名：蒜蓉炒南瓜
别名：清炒南瓜，蒜香南瓜
地区风格：家常
类型：热菜
难度：简单
适合人数：3
耗时：15分钟
主食材：南瓜，大蒜
食材：南瓜，大蒜，小葱
调味：食用油，盐，鸡精
口味：蒜香，鲜
简介：简单快手的家常素菜，蒜香浓郁，南瓜软糯香甜。
步骤：南瓜去皮去籽，切成薄片或小块。大蒜切末，小葱切葱花。 热锅冷油，放入蒜末爆香。 加入南瓜片翻炒均匀，加少许水焖煮至南瓜变软。 加盐和鸡精调味，撒上葱花翻炒出锅。
关键词：南瓜，蒜蓉，炒南瓜，素菜，快手菜，家常菜
"
recipe_0088,蒜蓉炒生菜,"菜名：蒜蓉炒生菜
别名：清炒生菜
地区风格：家常
类型：热菜
难度：简单
适合人数：2
耗时：10分钟
主食材：生菜，大蒜
食材：生菜，大蒜
调味：食用油，盐，蚝油
口味：蒜香，鲜
简介：简单快手的绿叶菜，蒜香浓郁，生菜脆嫩爽口。
步骤：生菜洗净撕成小块，大蒜切末。 热锅冷油，放入蒜末爆香。 加入生菜快速翻炒至变软。 加盐和蚝油调味，翻炒均匀出锅。
关键词：蒜蓉生菜，炒生菜，绿叶菜，素菜，快手菜，家常菜
"
recipe_0089,蒸肉末豆腐,"菜名：蒸肉末豆腐
别名：肉末蒸豆腐
地区风格：家常
类型：蒸菜
难度：简单
适合人数：3
耗时：20分钟
主食材：豆腐，猪肉末
食材：嫩豆腐，猪肉末，小葱
调味：生抽，料酒，盐，香油
口味：咸香，鲜
简介：一道家常蒸菜，豆腐嫩滑，肉末鲜美，简单易做。
步骤：豆腐切块铺在盘中，猪肉末用料酒和盐拌匀。 将肉末铺在豆腐上，淋上生抽。 蒸锅水开后，放入盘子蒸10分钟。 出锅后撒葱花，滴香油即可。
关键词：蒸豆腐，肉末豆腐，家常蒸菜，豆腐菜，快手蒸菜
"
recipe_0090,香菇炒鸡片,"菜名：香菇炒鸡片
别名：香菇鸡片
地区风格：家常
类型：热菜
难度：中等
适合人数：3
耗时：25分钟
主食材：鸡胸肉，香菇
食材：鸡胸肉，鲜香菇，青椒，生姜
调味：生抽，料酒，盐，淀粉，食用油
口味：咸香，鲜
简介：一道家常菌菇鸡肉菜，鸡肉嫩滑，香菇鲜美，营养均衡。
步骤：鸡胸肉切片，用料酒、淀粉抓匀；香菇切片，青椒切块，生姜切丝。 热锅下油，滑炒鸡片至变色，盛出备用。 锅中留底油，爆香姜丝，加入香菇和青椒翻炒。 放回鸡片，加生抽和盐调味，翻炒均匀即可出锅。
关键词：香菇炒鸡片，香菇鸡片，家常小炒，菌菇菜，鸡肉菜
"
recipe_0091,清蒸鲈鱼,"菜名：清蒸鲈鱼
别名：蒸鲈鱼，家常蒸鱼
地区风格：江浙家常
类型：蒸菜
难度：中等
适合人数：3
耗时：25分钟
主食材：鲈鱼，生姜，小葱
食材：鲈鱼，生姜，小葱
调味：料酒，蒸鱼豉油，食用油
口味：鲜，清淡
简介：江浙家常蒸菜，鱼肉鲜嫩，原汁原味，适合家庭聚餐。
步骤：鲈鱼处理干净，两面划几刀，用料酒和姜片腌制10分钟。 鱼身放上姜片和葱段，放入蒸锅，大火蒸8-10分钟。 取出后倒掉盘中多余水分，淋上蒸鱼豉油。 热油浇在鱼身上，撒上葱花即可。
关键词：清蒸鲈鱼，蒸鱼，家常蒸菜，鲜味，清淡菜，江浙菜
"
recipe_0092,手撕包菜,"菜名：手撕包菜
别名：炒包菜，干锅包菜
地区风格：湘式家常
类型：小炒
难度：简单
适合人数：3
耗时：10分钟
主食材：包菜
食材：包菜，干辣椒，蒜
调味：生抽，醋，盐，食用油
口味：香辣，咸香
简介：一道经典的湘式下饭菜，香辣开胃，做法简单，适合搭配米饭。
步骤：包菜手撕成片，干辣椒切段，蒜切片备用。 热锅倒油，放入干辣椒和蒜片爆香。 加入包菜大火快速翻炒至变软。 加入生抽、醋和盐调味，翻炒均匀即可。
关键词：手撕包菜，炒包菜，湘菜下饭，香辣小炒，快手菜，家常素菜
"
recipe_0093,香菇炖鸡,"菜名：香菇炖鸡
别名：香菇焖鸡，菌菇炖鸡
地区风格：家常
类型：炖菜
难度：中等
适合人数：4
耗时：60分钟
主食材：鸡腿，香菇
食材：鸡腿，干香菇，姜
调味：盐，生抽，料酒，食用油
口味：鲜
简介：一道鲜美的炖菜，香菇和鸡肉慢炖，汤汁浓郁，适合家庭聚餐。
步骤：干香菇泡发洗净，鸡腿切块焯水去腥。 热锅冷油，放入姜片爆香，加入鸡块翻炒至微黄。 加入香菇、生抽、料酒和适量水，大火烧开转小火炖煮。 炖至鸡肉软烂，加盐调味，收汁即可。
关键词：香菇炖鸡，菌菇炖鸡，炖菜，家常炖菜，菌菇类，鸡肉菜
"
recipe_0094,葱油饼,"菜名：葱油饼
别名：家常葱油饼，早餐饼
地区风格：北方家常
类型：早餐
难度：中等
适合人数：2
耗时：30分钟
主食材：面粉，小葱
食材：面粉，小葱，温水
调味：盐，食用油
口味：咸香
简介：北方家常早餐，葱香浓郁，外酥内软，简单易做，适合搭配粥或豆浆。
步骤：面粉加温水和成光滑面团，醒发10分钟。小葱切末。 面团擀成薄片，刷油，撒盐和葱花，卷起后压扁擀成饼。 平底锅刷油，放入饼坯，小火煎至两面金黄即可。
关键词：葱油饼，早餐饼，早餐家常，面食，北方家常，快手早餐
"
recipe_0095,清炒南瓜片,"菜名：清炒南瓜片
别名：炒南瓜，家常南瓜
地区风格：家常
类型：热菜
难度：简单
适合人数：3
耗时：15分钟
主食材：南瓜
食材：南瓜，大蒜，小葱
调味：盐，食用油
口味：清淡，鲜
简介：一道简单清爽的家常小炒，南瓜软糯带甜，适合日常配饭。
步骤：南瓜去皮去籽，切成薄片；大蒜切片，小葱切段。 热锅冷油，下蒜片爆香。 放入南瓜片，大火翻炒至微软。 加盐调味，撒葱段翻炒均匀即可出锅。
关键词：南瓜，清炒南瓜，家常南瓜菜，快手菜，素菜，炒菜
"
recipe_0096,鱼香肉丝,"菜名：鱼香肉丝
别名：鱼香炒肉丝
地区风格：川菜家常
类型：热菜
难度：中等
适合人数：3
耗时：25分钟
主食材：猪里脊肉，木耳
食材：猪里脊肉，木耳，胡萝卜，青椒
调味：郫县豆瓣酱，醋，糖，生抽，料酒，淀粉，食用油，盐
口味：酸甜，咸香
简介：川味家常菜，肉丝嫩滑，配菜爽脆，鱼香味浓郁开胃。
步骤：肉切丝，加料酒、淀粉和少许油腌制10分钟；木耳泡发切丝，胡萝卜和青椒切丝。 热锅冷油，下肉丝滑炒至变色，盛出备用。 锅中留底油，下豆瓣酱炒香，加入胡萝卜、木耳、青椒丝翻炒。 放入肉丝，加生抽、糖、醋和盐调味，快速翻炒均匀即可。
关键词：鱼香肉丝，川菜，下饭菜，肉丝，酸甜，家常小炒
"
recipe_0097,番茄鸡蛋面,"菜名：番茄鸡蛋面
别名：西红柿鸡蛋面
地区风格：家常
类型：早餐
难度：简单
适合人数：2
耗时：15分钟
主食材：挂面，鸡蛋，番茄
食材：挂面，鸡蛋，番茄，小葱
调味：盐，食用油，生抽
口味：酸甜，鲜
简介：简单快手的早餐面，番茄酸甜开胃，鸡蛋营养，适合忙碌早晨。
步骤：番茄切小块，鸡蛋打散，小葱切葱花。 锅中烧水煮面，煮熟后捞出过凉水备用。 另起锅热油，下鸡蛋炒散盛出；用余油炒番茄至出汁。 加入鸡蛋、盐和生抽，翻炒均匀，浇在面上，撒葱花即可。
关键词：番茄鸡蛋面，早餐面，快手早餐，面条，家常面，西红柿鸡蛋面
"
recipe_0098,鱼香茄子,"菜名：鱼香茄子
别名：鱼香茄子煲
地区风格：川菜
类型：热菜
难度：中等
适合人数：3
耗时：25分钟
主食材：茄子，猪肉末，豆瓣酱
食材：茄子，猪肉末，青椒，红椒，葱，姜，蒜
调味：生抽，老抽，醋，糖，料酒，豆瓣酱，淀粉，盐，油
口味：咸香，微辣，酸甜
简介：经典川式下饭菜，茄子软糯入味，鱼香味浓郁，适合配米饭。
步骤：茄子切滚刀块，青红椒切块，葱姜蒜切末。 热锅多油，将茄子炸软后捞出沥油。 锅中留底油，爆香葱姜蒜和豆瓣酱，加入肉末炒散。 加入青红椒翻炒，放入茄子，倒入生抽、老抽、醋、糖、料酒和少量水。 淀粉加水调匀，勾芡收汁，加盐调味即可。
关键词：鱼香茄子，茄子做法，川菜茄子，下饭菜，家常茄子菜
"
recipe_0099,麻婆豆腐,"菜名：麻婆豆腐
别名：麻辣豆腐
地区风格：川菜
类型：热菜
难度：中等
适合人数：3
耗时：20分钟
主食材：嫩豆腐，猪肉末，豆瓣酱
食材：嫩豆腐，猪肉末，葱，姜，蒜
调味：豆瓣酱，花椒粉，生抽，料酒，淀粉，盐，油
口味：香辣，咸香
简介：经典川菜，豆腐嫩滑麻辣，肉末鲜香，非常下饭。
步骤：豆腐切小块，葱姜蒜切末。 热锅加油，爆香葱姜蒜和豆瓣酱，加入肉末炒至变色。 加入豆腐轻轻翻炒，倒入生抽、料酒和少量水，煮约5分钟。 淀粉加水调匀，勾芡收汁，撒花椒粉和盐调味即可。
关键词：麻婆豆腐，川菜豆腐，下饭菜，麻辣豆腐，家常豆腐菜
"
recipe_0100,酱油炒饭,"菜名：酱油炒饭
别名：老抽炒饭
地区风格：家常
类型：主食
难度：简单
适合人数：2
耗时：15分钟
主食材：剩米饭，鸡蛋，生抽
食材：剩米饭，鸡蛋，火腿肠，青豆，胡萝卜，葱
调味：生抽，老抽，盐，油
口味：咸香，酱香
简介：利用剩米饭的快手主食，酱油香浓，配料丰富，简单又饱腹。
步骤：火腿肠、胡萝卜切丁，葱切末，鸡蛋打散。 热锅加油，倒入蛋液炒熟后盛出。 锅中再加点油，放入火腿肠、胡萝卜、青豆翻炒。 加入米饭炒散，倒入生抽、老抽和盐，加入炒好的鸡蛋和葱末翻炒均匀即可。
关键词：酱油炒饭，炒饭做法，家常主食，剩米饭食谱，快手炒饭
"
recipe_0101,蒜蓉粉丝蒸娃娃菜,"菜名：蒜蓉粉丝蒸娃娃菜
别名：蒜蓉粉丝蒸白菜，蒸娃娃菜
地区风格：家常
类型：蒸菜
难度：简单
适合人数：3
耗时：20分钟
主食材：娃娃菜，粉丝，大蒜
食材：娃娃菜，粉丝，大蒜，小葱
调味：生抽，蚝油，盐，食用油
口味：蒜香，咸香
简介：一道简单健康的蒸菜，蒜香浓郁，适合家庭日常。
步骤：粉丝用温水泡软，娃娃菜洗净切块，大蒜切末，小葱切葱花。 将娃娃菜铺在盘中，放上粉丝，撒上蒜末。 蒸锅水烧开，放入盘子，大火蒸8-10分钟至娃娃菜变软。 取出后淋上生抽、蚝油和热油，撒葱花即可。
关键词：蒜蓉粉丝蒸娃娃菜，蒸菜，家常菜，蒜香，娃娃菜，粉丝，蒸娃娃菜做法
"
recipe_0102,清炒南瓜片,"菜名：清炒南瓜片
别名：炒南瓜，南瓜小炒
地区风格：家常
类型：热菜
难度：简单
适合人数：3
耗时：15分钟
主食材：南瓜，大蒜
食材：南瓜，大蒜，小葱
调味：盐，食用油
口味：清淡，咸香
简介：简单快手的家常小炒，南瓜软糯清甜，适合日常。
步骤：南瓜去皮去籽，切片；大蒜切片，小葱切段。 热锅放油，爆香蒜片，放入南瓜片翻炒。 加少许水，盖上锅盖焖煮3-5分钟至南瓜变软。 加盐调味，撒葱段翻炒均匀出锅。
关键词：清炒南瓜片，南瓜菜，家常小炒，清淡，炒南瓜做法，南瓜食谱
"
recipe_0103,蒜苔炒肉丝,"菜名：蒜苔炒肉丝
别名：蒜苔肉丝
地区风格：家常
类型：热菜
难度：中等
适合人数：3
耗时：25分钟
主食材：猪肉，蒜苔
食材：猪肉里脊，蒜苔
调味：生抽，料酒，盐，蒜末，姜末
口味：蒜香，咸香
简介：蒜香浓郁的家常小炒，肉丝嫩滑，蒜苔爽脆，非常下饭。
步骤：猪肉切丝，用生抽、料酒腌制10分钟。蒜苔洗净切段。 热锅倒油，放入蒜末、姜末爆香。 加入肉丝快速翻炒至变色后盛出。 锅中留底油，放入蒜苔翻炒至断生，加盐调味。 倒入肉丝，翻炒均匀即可出锅。
关键词：蒜苔炒肉丝，蒜苔肉丝，猪肉小炒，家常菜，蒜香
"
recipe_0104,蒜蓉炒香菇,"菜名：蒜蓉炒香菇
别名：炒香菇，香菇小炒
地区风格：家常
类型：小炒
难度：简单
适合人数：2
耗时：15分钟
主食材：香菇
食材：鲜香菇，大蒜，青椒
调味：生抽，蚝油，盐，油
口味：咸香
简介：快手家常小炒，香菇鲜嫩，蒜香浓郁，简单易做。
步骤：香菇切片，大蒜切末，青椒切丝。 热锅冷油，下蒜末爆香。 加入香菇片翻炒至变软。 加入青椒丝、生抽、蚝油翻炒均匀。 加盐调味，炒匀即可出锅。
关键词：蒜蓉炒香菇，炒香菇，香菇菜，菌菇菜，家常小炒，快手菜，素食菜
"
recipe_0105,蒜蓉蒸南瓜,"菜名：蒜蓉蒸南瓜
别名：蒸南瓜，蒜香南瓜
地区风格：粤式家常
类型：蒸菜
难度：简单
适合人数：3
耗时：25分钟
主食材：南瓜
食材：南瓜，大蒜，小葱
调味：盐，生抽，食用油
口味：蒜香，鲜
简介：一道简单健康的蒸菜，蒜香浓郁，南瓜软糯香甜，适合家庭日常。
步骤：南瓜去皮去籽，切成约1厘米厚的片，摆入盘中。 大蒜切末，小葱切葱花。 在南瓜上均匀撒上蒜末、盐和生抽。 蒸锅水烧开，放入南瓜蒸15分钟至软熟。 取出后撒上葱花，淋上热油即可。
关键词：南瓜做法，蒸南瓜，蒜蓉南瓜，家常蒸菜，粤菜家常，素食菜谱
"
recipe_0106,冬瓜排骨汤,"菜名：冬瓜排骨汤
别名：排骨冬瓜汤，炖冬瓜汤
地区风格：家常
类型：炖菜
难度：中等
适合人数：4
耗时：60分钟
主食材：冬瓜，排骨
食材：排骨，冬瓜，姜，小葱
调味：盐，料酒
口味：鲜
简介：营养丰富的家常炖汤，冬瓜软烂，排骨鲜香，适合全家享用。
步骤：排骨洗净，冷水下锅，加料酒焯水去腥，捞出冲洗干净。 冬瓜去皮去瓤，切成块；小葱切葱花。 汤锅中加水，放入排骨和姜片，大火烧开后转小火炖40分钟。 加入冬瓜块，继续炖15分钟至冬瓜透明。 加盐调味，撒上葱花即可出锅。
关键词：冬瓜排骨汤，炖冬瓜，家常汤，排骨汤做法，炖菜食谱
"
recipe_0107,蒜蓉空心菜,"菜名：蒜蓉空心菜
别名：蒜炒空心菜，清炒空心菜
地区风格：家常
类型：热菜
难度：简单
适合人数：3
耗时：15分钟
主食材：空心菜，大蒜
食材：空心菜，大蒜
调味：盐，食用油
口味：蒜香，咸香
简介：一道简单快手的绿叶菜，蒜香浓郁，适合日常配饭。
步骤：空心菜洗净切段，大蒜切末。 热锅下油，放入蒜末爆香。 加入空心菜快速翻炒至变软。 加盐调味，炒匀出锅。
关键词：蒜蓉空心菜，炒空心菜，绿叶菜，家常小炒，蒜香蔬菜
"
recipe_0108,清炒冬瓜片,"菜名：清炒冬瓜片
别名：炒冬瓜
地区风格：家常
类型：热菜
难度：简单
适合人数：3
耗时：15分钟
主食材：冬瓜，葱
食材：冬瓜，葱
调味：盐，食用油
口味：葱香，清淡
简介：一道清淡爽口的家常菜，冬瓜软嫩，葱香提味，适合夏季食用。
步骤：冬瓜去皮切片，葱切段。 热锅下油，放入葱段爆香。 加入冬瓜片翻炒至半透明。 加盐调味，炒匀出锅。
关键词：清炒冬瓜，冬瓜片，清淡家常，葱香蔬菜，快手菜
"
